Data Collection Name,Site Or Cruise Name,Deployment Id,Projects,Platform,Instrument,Deployment Title,Deployment Purpose,Alternate Site Name,Public Release Date,Time Zone,Other Path,Source Path,Scientists,Sources,Funders,Dataset Packager,Calibration Documents Path,Calibration Description,Location Type,Sea Area,Vessel,Location Derivation Description,File(s),Quality Analyst,Quality Analysis Objectives,Quality Analysis Method,Quality Entries (0) Min Frequency,Quality Entries (0) Max Frequency,Quality Entries (0) Quality Level,Quality Entries (0) Start Time,Quality Entries (0) End Time,Quality Entries (0) Comments,Channel Number(s),Channels (0) Start Time,Channels (0) End Time,Channels (0) Sample Rates (0) Sample Rate,Channels (0) Sample Rates (0) Sample Bits,Channels (0) Sample Rates (0) Start Time,Channels (0) Sample Rates (0) End Time,Channels (0) Duty Cycles (0) Duration,Channels (0) Duty Cycles (0) Interval,Channels (0) Duty Cycles (0) Start Time,Channels (0) Duty Cycles (0) End Time,Instrument Id,Deployment Time,Recovery Time,Audio Start Time,Audio End Time,Hydrophone ID CH1,Hydrophone 1 - Position X,Hydrophone 1 - Position Y,Hydrophone 1 - Position Z,Hydrophone ID CH2,Hydrophone 2 - Position X,Hydrophone 2 - Position Y,Hydrophone 2 - Position Z,GPS ID,GPS - Position X,GPS - Position Y,GPS - Position Z,Depth Sensor ID,Depth Sensor - Position X,Depth Sensor - Position Y,Depth Sensor - Position Z
SWFSC-CalCurCEAS_001,CalCurCEAS_2024,CalCurCEAS_001,CalCurCEAS,Drifter,SoundTrap 640,California Current Cetacean Ecosystem Assessment Survey (CalCurCEAS),The purpose of the 2024 California Current Cetacean and Ecosystem Assessment Survey (CalCurCEAS) was to collect visual line-transect data for estimating the density of all cetacean species along the United States West Coast. Passive acoustic drifitng buoys were deployed throughout the survey area and continuously recorded the ocean soundscape up to 384 kHz. These buoys are are free floating instruments with two hydrophones in a vertical array and a digital recorder.,Columbia River,8/17/2026,UTC,D:/CalCurCEAS PACE/metadata/CalCurCEAS_001,D:/CalCurCEAS PACE/audio/CalCurCEAS_001,Cory Hom-Weaver,NOAA SWFSC,NOAA SWFSC;Bureau of Ocean Energy Management (BOEM),Kourtney Burger,C:/Users/kourtney.burger/Documents/GitHub/NCEI-PACE-Data-Archive/R/Spreadsheets & Templates/CalFile,"This dataset is composed of multichannel recorders with different types of hydrophones, each with its own unique sensitivity and frequency range. For the detailed calibration information refer to the CalCurCEAS_CalibrationInfo.csv spreadsheet.",Mobile Marine,North Pacific Ocean,R/V Bold Horizon,Location derived from GPS device affixed to top of drifting buoy,E:/CalCurCEAS PACE/metadata/gps/CalCurCEAS_001,Kourtney Burger,These data are being used for beaked whale and sperm whale analysis. Data quality was only assessed for mid to high frequency noise.,Analyst scanned for mid to high frequency noise using a 384kHz long term spectral average (LTSA).,50,192000,Good,2024-08-17T19:00:00,2024-08-25T13:02:00,,1,2024-08-17T19:00:00,2024-08-25T13:02:00,384000,16,2024-08-17T19:00:00,2024-08-25T13:02:00,6,6,2024-08-17T19:00:00,2024-08-25T13:02:00,7951,2024-08-17T18:58:00,2024-08-25T13:30:00,2024-08-17T19:00:00,2024-08-25T13:02:00,856135,0,0,-95,856147,0,0,-100,"BE,BF",0,0,1,16409,0,0,-90
SWFSC-CalCurCEAS_002,CalCurCEAS_2024,CalCurCEAS_002,CalCurCEAS,Drifter,SoundTrap 640,California Current Cetacean Ecosystem Assessment Survey (CalCurCEAS),The purpose of the 2024 California Current Cetacean and Ecosystem Assessment Survey (CalCurCEAS) was to collect visual line-transect data for estimating the density of all cetacean species along the United States West Coast. Passive acoustic drifitng buoys were deployed throughout the survey area and continuously recorded the ocean soundscape up to 384 kHz. These buoys are are free floating instruments with two hydrophones in a vertical array and a digital recorder.,Columbia River,8/20/2026,UTC,D:/CalCurCEAS PACE/metadata/CalCurCEAS_002,D:/CalCurCEAS PACE/audio/CalCurCEAS_002,Cory Hom-Weaver,NOAA SWFSC,NOAA SWFSC;Bureau of Ocean Energy Management (BOEM),Kourtney Burger,C:/Users/kourtney.burger/Documents/GitHub/NCEI-PACE-Data-Archive/R/Spreadsheets & Templates/CalFile,"This dataset is composed of multichannel recorders with different types of hydrophones, each with its own unique sensitivity and frequency range. For the detailed calibration information refer to the CalCurCEAS_CalibrationInfo.csv spreadsheet.",Mobile Marine,North Pacific Ocean,R/V Bold Horizon,Location derived from GPS device affixed to top of drifting buoy,E:/CalCurCEAS PACE/metadata/gps/CalCurCEAS_002,Kourtney Burger,These data are being used for beaked whale and sperm whale analysis. Data quality was only assessed for mid to high frequency noise.,Analyst scanned for mid to high frequency noise using a 384kHz long term spectral average (LTSA).,500,192000,Good,2024-08-20T13:36:00,2024-08-30T02:00:00,,1,2024-08-20T13:36:00,2024-08-30T02:00:00,384000,16,2024-08-20T13:36:00,2024-08-30T02:00:00,6,6,2024-08-20T13:36:00,2024-08-30T02:00:00,6663,2024-08-20T13:32:00,2024-08-30T01:50:00,2024-08-20T13:36:00,2024-08-30T02:00:00,856164,0,0,-95,856175,0,0,-100,"K,L",0,0,1,16636,0,0,-90
SWFSC-CalCurCEAS_003,CalCurCEAS_2024,CalCurCEAS_003,CalCurCEAS,Drifter,SoundTrap 640,California Current Cetacean Ecosystem Assessment Survey (CalCurCEAS),The purpose of the 2024 California Current Cetacean and Ecosystem Assessment Survey (CalCurCEAS) was to collect visual line-transect data for estimating the density of all cetacean species along the United States West Coast. Passive acoustic drifitng buoys were deployed throughout the survey area and continuously recorded the ocean soundscape up to 384 kHz. These buoys are are free floating instruments with two hydrophones in a vertical array and a digital recorder.,Columbia River,8/20/2026,UTC,D:/CalCurCEAS PACE/metadata/CalCurCEAS_003,D:/CalCurCEAS PACE/audio/CalCurCEAS_003,Cory Hom-Weaver,NOAA SWFSC,NOAA SWFSC;Bureau of Ocean Energy Management (BOEM),Kourtney Burger,C:/Users/kourtney.burger/Documents/GitHub/NCEI-PACE-Data-Archive/R/Spreadsheets & Templates/CalFile,"This dataset is composed of multichannel recorders with different types of hydrophones, each with its own unique sensitivity and frequency range. For the detailed calibration information refer to the CalCurCEAS_CalibrationInfo.csv spreadsheet.",Mobile Marine,North Pacific Ocean,R/V Bold Horizon,Location derived from GPS device affixed to top of drifting buoy,E:/CalCurCEAS PACE/metadata/gps/CalCurCEAS_003,Kourtney Burger,These data are being used for beaked whale and sperm whale analysis. Data quality was only assessed for mid to high frequency noise.,Analyst scanned for mid to high frequency noise using a 384kHz long term spectral average (LTSA).,100,192000,Good,2024-08-20T20:40:00,2024-08-30T05:00:00,,1,2024-08-20T20:40:00,2024-08-30T05:00:00,384000,16,2024-08-20T20:40:00,2024-08-30T05:00:00,6,6,2024-08-20T20:40:00,2024-08-30T05:00:00,7517,2024-08-20T20:35:00,2024-08-30T05:30:00,2024-08-20T20:40:00,2024-08-30T05:00:00,856154,0,0,-95,856170,0,0,-100,"BA,BB",0,0,1,15865,0,0,-90
SWFSC-CalCurCEAS_004,CalCurCEAS_2024,CalCurCEAS_004,CalCurCEAS,Drifter,SoundTrap 640,California Current Cetacean Ecosystem Assessment Survey (CalCurCEAS),The purpose of the 2024 California Current Cetacean and Ecosystem Assessment Survey (CalCurCEAS) was to collect visual line-transect data for estimating the density of all cetacean species along the United States West Coast. Passive acoustic drifitng buoys were deployed throughout the survey area and continuously recorded the ocean soundscape up to 384 kHz. These buoys are are free floating instruments with two hydrophones in a vertical array and a digital recorder.,Columbia River,8/21/2026,UTC,D:/CalCurCEAS PACE/metadata/CalCurCEAS_004,D:/CalCurCEAS PACE/audio/CalCurCEAS_004,Cory Hom-Weaver,NOAA SWFSC,NOAA SWFSC;Bureau of Ocean Energy Management (BOEM),Kourtney Burger,C:/Users/kourtney.burger/Documents/GitHub/NCEI-PACE-Data-Archive/R/Spreadsheets & Templates/CalFile,"This dataset is composed of multichannel recorders with different types of hydrophones, each with its own unique sensitivity and frequency range. For the detailed calibration information refer to the CalCurCEAS_CalibrationInfo.csv spreadsheet.",Mobile Marine,North Pacific Ocean,R/V Bold Horizon,Location derived from GPS device affixed to top of drifting buoy,E:/CalCurCEAS PACE/metadata/gps/CalCurCEAS_004,Kourtney Burger,These data are being used for beaked whale and sperm whale analysis. Data quality was only assessed for mid to high frequency noise.,Analyst scanned for mid to high frequency noise using a 384kHz long term spectral average (LTSA).,50,192000,Good,2024-08-21T04:02:00,2024-08-28T02:58:00,,1,2024-08-21T04:02:00,2024-08-28T02:58:00,384000,16,2024-08-21T04:02:00,2024-08-28T02:58:00,6,6,2024-08-21T04:02:00,2024-08-28T02:58:00,7581,2024-08-21T03:56:00,2024-08-28T03:15:00,2024-08-21T04:02:00,2024-08-28T02:58:00,856141,0,0,-95,856144,0,0,-100,"U, R",0,0,1,16396,0,0,-90
SWFSC-CalCurCEAS_006,CalCurCEAS_2024,CalCurCEAS_006,CalCurCEAS,Drifter,SoundTrap 640,California Current Cetacean Ecosystem Assessment Survey (CalCurCEAS),The purpose of the 2024 California Current Cetacean and Ecosystem Assessment Survey (CalCurCEAS) was to collect visual line-transect data for estimating the density of all cetacean species along the United States West Coast. Passive acoustic drifitng buoys were deployed throughout the survey area and continuously recorded the ocean soundscape up to 384 kHz. These buoys are are free floating instruments with two hydrophones in a vertical array and a digital recorder.,Oregon,8/23/2026,UTC,D:/CalCurCEAS PACE/metadata/CalCurCEAS_006,D:/CalCurCEAS PACE/audio/CalCurCEAS_006,Cory Hom-Weaver,NOAA SWFSC,NOAA SWFSC;Bureau of Ocean Energy Management (BOEM),Kourtney Burger,C:/Users/kourtney.burger/Documents/GitHub/NCEI-PACE-Data-Archive/R/Spreadsheets & Templates/CalFile,"This dataset is composed of multichannel recorders with different types of hydrophones, each with its own unique sensitivity and frequency range. For the detailed calibration information refer to the CalCurCEAS_CalibrationInfo.csv spreadsheet.",Mobile Marine,North Pacific Ocean,R/V Bold Horizon,Location derived from GPS device affixed to top of drifting buoy,E:/CalCurCEAS PACE/metadata/gps/CalCurCEAS_006,Kourtney Burger,These data are being used for beaked whale and sperm whale analysis. Data quality was only assessed for mid to high frequency noise.,Analyst scanned for mid to high frequency noise using a 384kHz long term spectral average (LTSA).,50,192000,Good,2024-08-23T00:50:00,2024-08-30T15:28:00,,1,2024-08-23T00:50:00,2024-08-30T15:28:00,384000,16,2024-08-23T00:50:00,2024-08-30T15:28:00,6,6,2024-08-23T00:50:00,2024-08-30T15:28:00,7936,2024-08-23T00:46:00,2024-08-30T15:39:00,2024-08-23T00:50:00,2024-08-30T15:28:00,856139,0,0,-95,856148,0,0,-100,"AF, AG",0,0,1,17438,0,0,-90
SWFSC-CalCurCEAS_008,CalCurCEAS_2024,CalCurCEAS_008,CalCurCEAS,Drifter,SoundTrap 640,California Current Cetacean Ecosystem Assessment Survey (CalCurCEAS),The purpose of the 2024 California Current Cetacean and Ecosystem Assessment Survey (CalCurCEAS) was to collect visual line-transect data for estimating the density of all cetacean species along the United States West Coast. Passive acoustic drifitng buoys were deployed throughout the survey area and continuously recorded the ocean soundscape up to 384 kHz. These buoys are are free floating instruments with two hydrophones in a vertical array and a digital recorder.,Oregon,9/13/2026,UTC,D:/CalCurCEAS PACE/metadata/CalCurCEAS_008,D:/CalCurCEAS PACE/audio/CalCurCEAS_008,Cory Hom-Weaver;Karin Forney,NOAA SWFSC,NOAA SWFSC;Bureau of Ocean Energy Management (BOEM),Kourtney Burger,C:/Users/kourtney.burger/Documents/GitHub/NCEI-PACE-Data-Archive/R/Spreadsheets & Templates/CalFile,"This dataset is composed of multichannel recorders with different types of hydrophones, each with its own unique sensitivity and frequency range. For the detailed calibration information refer to the CalCurCEAS_CalibrationInfo.csv spreadsheet.",Mobile Marine,North Pacific Ocean,R/V Bold Horizon,Location derived from GPS device affixed to top of drifting buoy,E:/CalCurCEAS PACE/metadata/gps/CalCurCEAS_008,Kourtney Burger,These data are being used for beaked whale and sperm whale analysis. Data quality was only assessed for mid to high frequency noise.,Analyst scanned for mid to high frequency noise using a 384kHz long term spectral average (LTSA).,0,192000,Good,2024-09-13T22:12:00,2024-09-21T00:46:00,,1,2024-09-13T22:12:00,2024-09-21T00:46:00,384000,16,2024-09-13T22:12:00,2024-09-21T00:46:00,6,6,2024-09-13T22:12:00,2024-09-21T00:46:00,7936,2024-09-13T22:03:00,2024-09-21T23:40:00,2024-09-13T22:12:00,2024-09-21T00:46:00,856136,0,0,-95,856145,0,0,-100,SO-359,0,0,1,15766,0,0,-90
SWFSC-CalCurCEAS_009,CalCurCEAS_2024,CalCurCEAS_009,CalCurCEAS,Drifter,SoundTrap 640,California Current Cetacean Ecosystem Assessment Survey (CalCurCEAS),The purpose of the 2024 California Current Cetacean and Ecosystem Assessment Survey (CalCurCEAS) was to collect visual line-transect data for estimating the density of all cetacean species along the United States West Coast. Passive acoustic drifitng buoys were deployed throughout the survey area and continuously recorded the ocean soundscape up to 384 kHz. These buoys are are free floating instruments with two hydrophones in a vertical array and a digital recorder.,Oregon,9/14/2026,UTC,D:/CalCurCEAS PACE/metadata/CalCurCEAS_009,D:/CalCurCEAS PACE/audio/CalCurCEAS_009,Cory Hom-Weaver;Karin Forney,NOAA SWFSC,NOAA SWFSC;Bureau of Ocean Energy Management (BOEM),Kourtney Burger,C:/Users/kourtney.burger/Documents/GitHub/NCEI-PACE-Data-Archive/R/Spreadsheets & Templates/CalFile,"This dataset is composed of multichannel recorders with different types of hydrophones, each with its own unique sensitivity and frequency range. For the detailed calibration information refer to the CalCurCEAS_CalibrationInfo.csv spreadsheet.",Mobile Marine,North Pacific Ocean,R/V Bold Horizon,Location derived from GPS device affixed to top of drifting buoy,E:/CalCurCEAS PACE/metadata/gps/CalCurCEAS_009,Kourtney Burger,These data are being used for beaked whale and sperm whale analysis. Data quality was only assessed for mid to high frequency noise.,Analyst scanned for mid to high frequency noise using a 384kHz long term spectral average (LTSA).,115,192000,Good,2024-09-14T14:06:00,2024-09-23T21:22:00,,1,2024-09-14T14:06:00,2024-09-23T21:22:00,384000,16,2024-09-14T14:06:00,2024-09-23T21:22:00,6,6,2024-09-14T14:06:00,2024-09-23T21:22:00,7517,2024-09-14T13:54:00,2024-09-23T21:33:00,2024-09-14T14:06:00,2024-09-23T21:22:00,856138,0,0,-95,856151,0,0,-100,SO-588,0,0,1,17439,0,0,-90
SWFSC-CalCurCEAS_010,CalCurCEAS_2024,CalCurCEAS_010,CalCurCEAS,Drifter,SoundTrap 640,California Current Cetacean Ecosystem Assessment Survey (CalCurCEAS),The purpose of the 2024 California Current Cetacean and Ecosystem Assessment Survey (CalCurCEAS) was to collect visual line-transect data for estimating the density of all cetacean species along the United States West Coast. Passive acoustic drifitng buoys were deployed throughout the survey area and continuously recorded the ocean soundscape up to 384 kHz. These buoys are are free floating instruments with two hydrophones in a vertical array and a digital recorder.,Oregon,9/14/2026,UTC,D:/CalCurCEAS PACE/metadata/CalCurCEAS_010,D:/CalCurCEAS PACE/audio/CalCurCEAS_010,Cory Hom-Weaver;Karin Forney,NOAA SWFSC,NOAA SWFSC;Bureau of Ocean Energy Management (BOEM),Kourtney Burger,C:/Users/kourtney.burger/Documents/GitHub/NCEI-PACE-Data-Archive/R/Spreadsheets & Templates/CalFile,"This dataset is composed of multichannel recorders with different types of hydrophones, each with its own unique sensitivity and frequency range. For the detailed calibration information refer to the CalCurCEAS_CalibrationInfo.csv spreadsheet.",Mobile Marine,North Pacific Ocean,R/V Bold Horizon,Location derived from GPS device affixed to top of drifting buoy,E:/CalCurCEAS PACE/metadata/gps/CalCurCEAS_010,Kourtney Burger,These data are being used for beaked whale and sperm whale analysis. Data quality was only assessed for mid to high frequency noise.,Analyst scanned for mid to high frequency noise using a 384kHz long term spectral average (LTSA).,350,192000,Good,2024-09-14T21:23:00,2024-09-24T01:24:29,,1,2024-09-14T21:23:00,2024-09-24T01:24:29,384000,16,2024-09-14T21:23:00,2024-09-24T01:24:29,6,6,2024-09-14T21:23:00,2024-09-24T01:24:29,6663,2024-09-14T21:18:00,2024-09-24T01:30:00,2024-09-14T21:23:00,2024-09-24T01:24:29,856159,0,0,-95,856177,0,0,-100,SO-602,0,0,1,16396,0,0,-90
SWFSC-CalCurCEAS_011,CalCurCEAS_2024,CalCurCEAS_011,CalCurCEAS,Drifter,SoundTrap 640,California Current Cetacean Ecosystem Assessment Survey (CalCurCEAS),The purpose of the 2024 California Current Cetacean and Ecosystem Assessment Survey (CalCurCEAS) was to collect visual line-transect data for estimating the density of all cetacean species along the United States West Coast. Passive acoustic drifitng buoys were deployed throughout the survey area and continuously recorded the ocean soundscape up to 384 kHz. These buoys are are free floating instruments with two hydrophones in a vertical array and a digital recorder.,Oregon,9/15/2026,UTC,D:/CalCurCEAS PACE/metadata/CalCurCEAS_011,D:/CalCurCEAS PACE/audio/CalCurCEAS_011,Cory Hom-Weaver;Karin Forney,NOAA SWFSC,NOAA SWFSC;Bureau of Ocean Energy Management (BOEM),Kourtney Burger,C:/Users/kourtney.burger/Documents/GitHub/NCEI-PACE-Data-Archive/R/Spreadsheets & Templates/CalFile,"This dataset is composed of multichannel recorders with different types of hydrophones, each with its own unique sensitivity and frequency range. For the detailed calibration information refer to the CalCurCEAS_CalibrationInfo.csv spreadsheet.",Mobile Marine,North Pacific Ocean,R/V Bold Horizon,Location derived from GPS device affixed to top of drifting buoy,E:/CalCurCEAS PACE/metadata/gps/CalCurCEAS_011,Kourtney Burger,These data are being used for beaked whale and sperm whale analysis. Data quality was only assessed for mid to high frequency noise.,Analyst scanned for mid to high frequency noise using a 384kHz long term spectral average (LTSA).,60,192000,Good,2024-09-15T17:00:00,2024-09-22T14:55:00,,1,2024-09-15T17:00:00,2024-09-22T14:55:00,384000,16,2024-09-15T17:00:00,2024-09-22T14:55:00,6,6,2024-09-15T17:00:00,2024-09-22T14:55:00,7518,2024-09-15T16:55:00,2024-09-22T15:14:00,2024-09-15T17:00:00,2024-09-22T14:55:00,856156,0,0,-95,856167,0,0,-100,SO-533,0,0,1,16636,0,0,-90
SWFSC-CalCurCEAS_012,CalCurCEAS_2024,CalCurCEAS_012,CalCurCEAS,Drifter,SoundTrap 640,California Current Cetacean Ecosystem Assessment Survey (CalCurCEAS),The purpose of the 2024 California Current Cetacean and Ecosystem Assessment Survey (CalCurCEAS) was to collect visual line-transect data for estimating the density of all cetacean species along the United States West Coast. Passive acoustic drifitng buoys were deployed throughout the survey area and continuously recorded the ocean soundscape up to 384 kHz. These buoys are are free floating instruments with two hydrophones in a vertical array and a digital recorder.,Humboldt,10/1/2026,UTC,D:/CalCurCEAS PACE/metadata/CalCurCEAS_012,D:/CalCurCEAS PACE/audio/CalCurCEAS_012,Cory Hom-Weaver,NOAA SWFSC,NOAA SWFSC;Bureau of Ocean Energy Management (BOEM),Kourtney Burger,C:/Users/kourtney.burger/Documents/GitHub/NCEI-PACE-Data-Archive/R/Spreadsheets & Templates/CalFile,"This dataset is composed of multichannel recorders with different types of hydrophones, each with its own unique sensitivity and frequency range. For the detailed calibration information refer to the CalCurCEAS_CalibrationInfo.csv spreadsheet.",Mobile Marine,North Pacific Ocean,R/V Bold Horizon,Location derived from GPS device affixed to top of drifting buoy,E:/CalCurCEAS PACE/metadata/gps/CalCurCEAS_012,Kourtney Burger,These data are being used for beaked whale and sperm whale analysis. Data quality was only assessed for mid to high frequency noise.,Analyst scanned for mid to high frequency noise using a 384kHz long term spectral average (LTSA).,300,192000,Good,2024-10-01T23:16:00,2024-10-05T03:02:00,,1,2024-10-01T23:16:00,2024-10-05T03:02:00,384000,16,2024-10-01T23:16:00,2024-10-05T03:02:00,6,6,2024-10-01T23:16:00,2024-10-05T03:02:00,7930,2024-10-01T23:00:00,2024-10-05T03:17:00,2024-10-01T23:16:00,2024-10-05T03:02:00,856135,0,0,-95,856147,0,0,-100,"J, G",0,0,1,16409,0,0,-90
SWFSC-CalCurCEAS_013,CalCurCEAS_2024,CalCurCEAS_013,CalCurCEAS,Drifter,SoundTrap 640,California Current Cetacean Ecosystem Assessment Survey (CalCurCEAS),The purpose of the 2024 California Current Cetacean and Ecosystem Assessment Survey (CalCurCEAS) was to collect visual line-transect data for estimating the density of all cetacean species along the United States West Coast. Passive acoustic drifitng buoys were deployed throughout the survey area and continuously recorded the ocean soundscape up to 384 kHz. These buoys are are free floating instruments with two hydrophones in a vertical array and a digital recorder.,Humboldt,10/1/2026,UTC,D:/CalCurCEAS PACE/metadata/CalCurCEAS_013,D:/CalCurCEAS PACE/audio/CalCurCEAS_013,Cory Hom-Weaver,NOAA SWFSC,NOAA SWFSC;Bureau of Ocean Energy Management (BOEM),Kourtney Burger,C:/Users/kourtney.burger/Documents/GitHub/NCEI-PACE-Data-Archive/R/Spreadsheets & Templates/CalFile,"This dataset is composed of multichannel recorders with different types of hydrophones, each with its own unique sensitivity and frequency range. For the detailed calibration information refer to the CalCurCEAS_CalibrationInfo.csv spreadsheet.",Mobile Marine,North Pacific Ocean,R/V Bold Horizon,Location derived from GPS device affixed to top of drifting buoy,E:/CalCurCEAS PACE/metadata/gps/CalCurCEAS_013,Kourtney Burger,These data are being used for beaked whale and sperm whale analysis. Data quality was only assessed for mid to high frequency noise.,Analyst scanned for mid to high frequency noise using a 384kHz long term spectral average (LTSA).,100,192000,Good,2024-10-02T01:10:42,2024-10-04T03:50:00,,1,2024-10-02T01:10:42,2024-10-04T03:50:00,384000,16,2024-10-02T01:10:42,2024-10-04T03:50:00,6,6,2024-10-02T01:10:42,2024-10-04T03:50:00,7518,2024-10-02T00:53:00,2024-10-04T04:15:00,2024-10-02T01:10:42,2024-10-04T03:50:00,856163,0,0,-95,856171,0,0,-100,"AE, AD",0,0,1,16636,0,0,-90
SWFSC-CalCurCEAS_014,CalCurCEAS_2024,CalCurCEAS_014,CalCurCEAS,Drifter,SoundTrap 640,California Current Cetacean Ecosystem Assessment Survey (CalCurCEAS),The purpose of the 2024 California Current Cetacean and Ecosystem Assessment Survey (CalCurCEAS) was to collect visual line-transect data for estimating the density of all cetacean species along the United States West Coast. Passive acoustic drifitng buoys were deployed throughout the survey area and continuously recorded the ocean soundscape up to 384 kHz. These buoys are are free floating instruments with two hydrophones in a vertical array and a digital recorder.,Humboldt,10/1/2026,UTC,D:/CalCurCEAS PACE/metadata/CalCurCEAS_014,D:/CalCurCEAS PACE/audio/CalCurCEAS_014,Cory Hom-Weaver,NOAA SWFSC,NOAA SWFSC;Bureau of Ocean Energy Management (BOEM),Kourtney Burger,C:/Users/kourtney.burger/Documents/GitHub/NCEI-PACE-Data-Archive/R/Spreadsheets & Templates/CalFile,"This dataset is composed of multichannel recorders with different types of hydrophones, each with its own unique sensitivity and frequency range. For the detailed calibration information refer to the CalCurCEAS_CalibrationInfo.csv spreadsheet.",Mobile Marine,North Pacific Ocean,R/V Bold Horizon,Location derived from GPS device affixed to top of drifting buoy,E:/CalCurCEAS PACE/metadata/gps/CalCurCEAS_014,Kourtney Burger,These data are being used for beaked whale and sperm whale analysis. Data quality was only assessed for mid to high frequency noise.,Analyst scanned for mid to high frequency noise using a 384kHz long term spectral average (LTSA).,20,192000,Good,2024-10-02T01:53:00,2024-10-05T02:06:00,,1,2024-10-02T01:53:00,2024-10-05T02:06:00,384000,16,2024-10-02T01:53:00,2024-10-05T02:06:00,6,6,2024-10-02T01:53:00,2024-10-05T02:06:00,7519,2024-10-02T01:46:00,2024-10-05T02:10:00,2024-10-02T01:53:00,2024-10-05T02:06:00,856161,0,0,-95,856176,0,0,-100,SO-692,0,0,1,15865,0,0,-90
SWFSC-CalCurCEAS_015,CalCurCEAS_2024,CalCurCEAS_015,CalCurCEAS,Drifter,SoundTrap 640,California Current Cetacean Ecosystem Assessment Survey (CalCurCEAS),The purpose of the 2024 California Current Cetacean and Ecosystem Assessment Survey (CalCurCEAS) was to collect visual line-transect data for estimating the density of all cetacean species along the United States West Coast. Passive acoustic drifitng buoys were deployed throughout the survey area and continuously recorded the ocean soundscape up to 384 kHz. These buoys are are free floating instruments with two hydrophones in a vertical array and a digital recorder.,Humboldt,10/5/2026,UTC,D:/CalCurCEAS PACE/metadata/CalCurCEAS_015,D:/CalCurCEAS PACE/audio/CalCurCEAS_015,Cory Hom-Weaver,NOAA SWFSC,NOAA SWFSC;Bureau of Ocean Energy Management (BOEM),Kourtney Burger,C:/Users/kourtney.burger/Documents/GitHub/NCEI-PACE-Data-Archive/R/Spreadsheets & Templates/CalFile,"This dataset is composed of multichannel recorders with different types of hydrophones, each with its own unique sensitivity and frequency range. For the detailed calibration information refer to the CalCurCEAS_CalibrationInfo.csv spreadsheet.",Mobile Marine,North Pacific Ocean,R/V Bold Horizon,Location derived from GPS device affixed to top of drifting buoy,E:/CalCurCEAS PACE/metadata/gps/CalCurCEAS_015,Kourtney Burger,These data are being used for beaked whale and sperm whale analysis. Data quality was only assessed for mid to high frequency noise.,Analyst scanned for mid to high frequency noise using a 384kHz long term spectral average (LTSA).,0,192000,Good,2024-10-05T14:30:00,2024-10-11T14:33:00,,1,2024-10-05T14:30:00,2024-10-11T14:33:00,384000,16,2024-10-05T14:30:00,2024-10-11T14:33:00,6,6,2024-10-05T14:30:00,2024-10-11T14:33:00,6663,2024-10-05T14:24:00,2024-10-11T14:48:00,2024-10-05T14:30:00,2024-10-11T14:33:00,856136,0,0,-95,856145,0,0,-100,SO-602,0,0,1,16636,0,0,-90
SWFSC-CalCurCEAS_016,CalCurCEAS_2024,CalCurCEAS_016,CalCurCEAS,Drifter,SoundTrap 640,California Current Cetacean Ecosystem Assessment Survey (CalCurCEAS),The purpose of the 2024 California Current Cetacean and Ecosystem Assessment Survey (CalCurCEAS) was to collect visual line-transect data for estimating the density of all cetacean species along the United States West Coast. Passive acoustic drifitng buoys were deployed throughout the survey area and continuously recorded the ocean soundscape up to 384 kHz. These buoys are are free floating instruments with two hydrophones in a vertical array and a digital recorder.,Mendocino,10/6/2026,UTC,D:/CalCurCEAS PACE/metadata/CalCurCEAS_016,D:/CalCurCEAS PACE/audio/CalCurCEAS_016,Cory Hom-Weaver,NOAA SWFSC,NOAA SWFSC;Bureau of Ocean Energy Management (BOEM),Kourtney Burger,C:/Users/kourtney.burger/Documents/GitHub/NCEI-PACE-Data-Archive/R/Spreadsheets & Templates/CalFile,"This dataset is composed of multichannel recorders with different types of hydrophones, each with its own unique sensitivity and frequency range. For the detailed calibration information refer to the CalCurCEAS_CalibrationInfo.csv spreadsheet.",Mobile Marine,North Pacific Ocean,R/V Bold Horizon,Location derived from GPS device affixed to top of drifting buoy,E:/CalCurCEAS PACE/metadata/gps/CalCurCEAS_016,Kourtney Burger,These data are being used for beaked whale and sperm whale analysis. Data quality was only assessed for mid to high frequency noise.,Analyst scanned for mid to high frequency noise using a 384kHz long term spectral average (LTSA).,35,192000,Good,2024-10-06T02:00:07,2024-10-13T15:54:00,,1,2024-10-06T02:00:07,2024-10-13T15:54:00,384000,16,2024-10-06T02:00:07,2024-10-13T15:54:00,6,6,2024-10-06T02:00:07,2024-10-13T15:54:00,7936,2024-10-06T01:58:00,2024-10-13T16:09:00,2024-10-06T02:00:07,2024-10-13T15:54:00,856135,0,0,-95,856147,0,0,-100,"J, G",0,0,1,16597,0,0,-90
SWFSC-CalCurCEAS_017,CalCurCEAS_2024,CalCurCEAS_017,CalCurCEAS,Drifter,SoundTrap 640,California Current Cetacean Ecosystem Assessment Survey (CalCurCEAS),The purpose of the 2024 California Current Cetacean and Ecosystem Assessment Survey (CalCurCEAS) was to collect visual line-transect data for estimating the density of all cetacean species along the United States West Coast. Passive acoustic drifitng buoys were deployed throughout the survey area and continuously recorded the ocean soundscape up to 384 kHz. These buoys are are free floating instruments with two hydrophones in a vertical array and a digital recorder.,Humboldt,10/6/2026,UTC,D:/CalCurCEAS PACE/metadata/CalCurCEAS_017,D:/CalCurCEAS PACE/audio/CalCurCEAS_017,Cory Hom-Weaver,NOAA SWFSC,NOAA SWFSC;Bureau of Ocean Energy Management (BOEM),Kourtney Burger,C:/Users/kourtney.burger/Documents/GitHub/NCEI-PACE-Data-Archive/R/Spreadsheets & Templates/CalFile,"This dataset is composed of multichannel recorders with different types of hydrophones, each with its own unique sensitivity and frequency range. For the detailed calibration information refer to the CalCurCEAS_CalibrationInfo.csv spreadsheet.",Mobile Marine,North Pacific Ocean,R/V Bold Horizon,Location derived from GPS device affixed to top of drifting buoy,E:/CalCurCEAS PACE/metadata/gps/CalCurCEAS_017,Kourtney Burger,These data are being used for beaked whale and sperm whale analysis. Data quality was only assessed for mid to high frequency noise.,Analyst scanned for mid to high frequency noise using a 384kHz long term spectral average (LTSA).,125,192000,Good,2024-10-06T14:45:00,2024-10-12T13:53:00,,1,2024-10-06T14:45:00,2024-10-12T13:53:00,384000,16,2024-10-06T14:45:00,2024-10-12T13:53:00,6,6,2024-10-06T14:45:00,2024-10-12T13:53:00,7518,2024-10-06T14:38:00,2024-10-12T14:15:00,2024-10-06T14:45:00,2024-10-12T13:53:00,856159,0,0,-95,856177,0,0,-100,SO-588,0,0,1,16536,0,0,-90
SWFSC-CalCurCEAS_018,CalCurCEAS_2024,CalCurCEAS_018,CalCurCEAS,Drifter,SoundTrap 640,California Current Cetacean Ecosystem Assessment Survey (CalCurCEAS),The purpose of the 2024 California Current Cetacean and Ecosystem Assessment Survey (CalCurCEAS) was to collect visual line-transect data for estimating the density of all cetacean species along the United States West Coast. Passive acoustic drifitng buoys were deployed throughout the survey area and continuously recorded the ocean soundscape up to 384 kHz. These buoys are are free floating instruments with two hydrophones in a vertical array and a digital recorder.,Mendocino,10/6/2026,UTC,D:/CalCurCEAS PACE/metadata/CalCurCEAS_018,D:/CalCurCEAS PACE/audio/CalCurCEAS_018,Cory Hom-Weaver,NOAA SWFSC,NOAA SWFSC;Bureau of Ocean Energy Management (BOEM),Kourtney Burger,C:/Users/kourtney.burger/Documents/GitHub/NCEI-PACE-Data-Archive/R/Spreadsheets & Templates/CalFile,"This dataset is composed of multichannel recorders with different types of hydrophones, each with its own unique sensitivity and frequency range. For the detailed calibration information refer to the CalCurCEAS_CalibrationInfo.csv spreadsheet.",Mobile Marine,North Pacific Ocean,R/V Bold Horizon,Location derived from GPS device affixed to top of drifting buoy,E:/CalCurCEAS PACE/metadata/gps/CalCurCEAS_018,Kourtney Burger,These data are being used for beaked whale and sperm whale analysis. Data quality was only assessed for mid to high frequency noise.,Analyst scanned for mid to high frequency noise using a 384kHz long term spectral average (LTSA).,0,192000,Good,2024-10-06T23:54:02,2024-10-11T21:40:00,,1,2024-10-06T23:54:02,2024-10-11T21:40:00,384000,16,2024-10-06T23:54:02,2024-10-11T21:40:00,6,6,2024-10-06T23:54:02,2024-10-11T21:40:00,7930,2024-10-06T23:46:00,2024-10-11T21:51:00,2024-10-06T23:54:02,2024-10-11T21:40:00,856138,0,0,-95,856151,0,0,-100,SO-359,0,0,1,15771,0,0,-90
SWFSC-CalCurCEAS_019,CalCurCEAS_2024,CalCurCEAS_019,CalCurCEAS,Drifter,SoundTrap 640,California Current Cetacean Ecosystem Assessment Survey (CalCurCEAS),The purpose of the 2024 California Current Cetacean and Ecosystem Assessment Survey (CalCurCEAS) was to collect visual line-transect data for estimating the density of all cetacean species along the United States West Coast. Passive acoustic drifitng buoys were deployed throughout the survey area and continuously recorded the ocean soundscape up to 384 kHz. These buoys are are free floating instruments with two hydrophones in a vertical array and a digital recorder.,Mendocino,10/9/2026,UTC,D:/CalCurCEAS PACE/metadata/CalCurCEAS_019,D:/CalCurCEAS PACE/audio/CalCurCEAS_019,Cory Hom-Weaver,NOAA SWFSC,NOAA SWFSC;Bureau of Ocean Energy Management (BOEM),Kourtney Burger,C:/Users/kourtney.burger/Documents/GitHub/NCEI-PACE-Data-Archive/R/Spreadsheets & Templates/CalFile,"This dataset is composed of multichannel recorders with different types of hydrophones, each with its own unique sensitivity and frequency range. For the detailed calibration information refer to the CalCurCEAS_CalibrationInfo.csv spreadsheet.",Mobile Marine,North Pacific Ocean,R/V Bold Horizon,Location derived from GPS device affixed to top of drifting buoy,E:/CalCurCEAS PACE/metadata/gps/CalCurCEAS_019,Kourtney Burger,These data are being used for beaked whale and sperm whale analysis. Data quality was only assessed for mid to high frequency noise.,Analyst scanned for mid to high frequency noise using a 384kHz long term spectral average (LTSA).,100,192000,Good,2024-10-09T04:56:00,2024-10-15T21:30:00,,1,2024-10-09T04:56:00,2024-10-15T21:30:00,384000,16,2024-10-09T04:56:00,2024-10-15T21:30:00,6,6,2024-10-09T04:56:00,2024-10-15T21:30:00,8595,2024-10-09T04:53:00,2024-10-15T21:55:00,2024-10-09T04:56:00,2024-10-15T21:30:00,856155,0,0,-95,856166,0,0,-100,"BD,BC",0,0,1,15968,0,0,-90
SWFSC-CalCurCEAS_020,CalCurCEAS_2024,CalCurCEAS_020,CalCurCEAS,Drifter,SoundTrap 640,California Current Cetacean Ecosystem Assessment Survey (CalCurCEAS),The purpose of the 2024 California Current Cetacean and Ecosystem Assessment Survey (CalCurCEAS) was to collect visual line-transect data for estimating the density of all cetacean species along the United States West Coast. Passive acoustic drifitng buoys were deployed throughout the survey area and continuously recorded the ocean soundscape up to 384 kHz. These buoys are are free floating instruments with two hydrophones in a vertical array and a digital recorder.,Monterey Bay,10/26/2026,UTC,D:/CalCurCEAS PACE/metadata/CalCurCEAS_020,D:/CalCurCEAS PACE/audio/CalCurCEAS_020,Cory Hom-Weaver;Kourtney Burger,NOAA SWFSC,NOAA SWFSC;Bureau of Ocean Energy Management (BOEM),Kourtney Burger,C:/Users/kourtney.burger/Documents/GitHub/NCEI-PACE-Data-Archive/R/Spreadsheets & Templates/CalFile,"This dataset is composed of multichannel recorders with different types of hydrophones, each with its own unique sensitivity and frequency range. For the detailed calibration information refer to the CalCurCEAS_CalibrationInfo.csv spreadsheet.",Mobile Marine,North Pacific Ocean,R/V Bold Horizon,Location derived from GPS device affixed to top of drifting buoy,E:/CalCurCEAS PACE/metadata/gps/CalCurCEAS_020,Kourtney Burger,These data are being used for beaked whale and sperm whale analysis. Data quality was only assessed for mid to high frequency noise.,Analyst scanned for mid to high frequency noise using a 384kHz long term spectral average (LTSA).,20,192000,Good,2024-10-26T14:48:01,2024-11-09T09:35:16,,1,2024-10-26T14:48:01,2024-11-09T09:35:16,384000,16,2024-10-26T14:48:01,2024-11-09T09:35:16,6,6,2024-10-26T14:48:01,2024-11-09T09:35:16,7936,2024-10-26T14:49:00,2024-11-09T09:36:00,2024-10-26T14:48:01,2024-11-09T09:35:16,856163,0,0,-95,856171,0,0,-100,SO-588,0,0,1,16431,0,0,-90
SWFSC-CalCurCEAS_021,CalCurCEAS_2024,CalCurCEAS_021,CalCurCEAS,Drifter,SoundTrap 640,California Current Cetacean Ecosystem Assessment Survey (CalCurCEAS),The purpose of the 2024 California Current Cetacean and Ecosystem Assessment Survey (CalCurCEAS) was to collect visual line-transect data for estimating the density of all cetacean species along the United States West Coast. Passive acoustic drifitng buoys were deployed throughout the survey area and continuously recorded the ocean soundscape up to 384 kHz. These buoys are are free floating instruments with two hydrophones in a vertical array and a digital recorder.,Monterey Bay,10/27/2026,UTC,D:/CalCurCEAS PACE/metadata/CalCurCEAS_021,E:/CalCurCEAS_021,Cory Hom-Weaver;Kourtney Burger,NOAA SWFSC,NOAA SWFSC;Bureau of Ocean Energy Management (BOEM),Kourtney Burger,C:/Users/kourtney.burger/Documents/GitHub/NCEI-PACE-Data-Archive/R/Spreadsheets & Templates/CalFile,"This dataset is composed of multichannel recorders with different types of hydrophones, each with its own unique sensitivity and frequency range. For the detailed calibration information refer to the CalCurCEAS_CalibrationInfo.csv spreadsheet.",Mobile Marine,North Pacific Ocean,R/V Bold Horizon,Location derived from GPS device affixed to top of drifting buoy,E:/CalCurCEAS PACE/metadata/gps/CalCurCEAS_021,Kourtney Burger,These data are being used for beaked whale and sperm whale analysis. Data quality was only assessed for mid to high frequency noise.,Analyst scanned for mid to high frequency noise using a 384kHz long term spectral average (LTSA).,0,192000,Good,2024-10-27T01:06:01,2024-11-07T14:56:23,,1,2024-10-27T01:06:01,2024-11-07T14:56:23,384000,16,2024-10-27T01:06:01,2024-11-07T14:56:23,6,6,2024-10-27T01:06:01,2024-11-07T14:56:23,8595,2024-10-27T01:03:00,2024-11-07T14:55:00,2024-10-27T01:06:01,2024-11-07T14:56:23,856141,0,0,-95,856144,0,0,-100,SO-359,0,0,1,16636,0,0,-90
SWFSC-CalCurCEAS_022,CalCurCEAS_2024,CalCurCEAS_022,CalCurCEAS,Drifter,SoundTrap 640,California Current Cetacean Ecosystem Assessment Survey (CalCurCEAS),The purpose of the 2024 California Current Cetacean and Ecosystem Assessment Survey (CalCurCEAS) was to collect visual line-transect data for estimating the density of all cetacean species along the United States West Coast. Passive acoustic drifitng buoys were deployed throughout the survey area and continuously recorded the ocean soundscape up to 384 kHz. These buoys are are free floating instruments with two hydrophones in a vertical array and a digital recorder.,Morro Bay,10/27/2026,UTC,D:/CalCurCEAS PACE/metadata/CalCurCEAS_022,D:/CalCurCEAS PACE/audio/CalCurCEAS_022,Cory Hom-Weaver;Kourtney Burger,NOAA SWFSC,NOAA SWFSC;Bureau of Ocean Energy Management (BOEM),Kourtney Burger,C:/Users/kourtney.burger/Documents/GitHub/NCEI-PACE-Data-Archive/R/Spreadsheets & Templates/CalFile,"This dataset is composed of multichannel recorders with different types of hydrophones, each with its own unique sensitivity and frequency range. For the detailed calibration information refer to the CalCurCEAS_CalibrationInfo.csv spreadsheet.",Mobile Marine,North Pacific Ocean,R/V Bold Horizon,Location derived from GPS device affixed to top of drifting buoy,E:/CalCurCEAS PACE/metadata/gps/CalCurCEAS_022,Kourtney Burger,These data are being used for beaked whale and sperm whale analysis. Data quality was only assessed for mid to high frequency noise.,Analyst scanned for mid to high frequency noise using a 384kHz long term spectral average (LTSA).,0,192000,Good,2024-10-27T14:06:00,2024-11-09T07:40:32,,1,2024-10-27T14:06:00,2024-11-09T07:40:32,384000,16,2024-10-27T14:06:00,2024-11-09T07:40:32,6,6,2024-10-27T14:06:00,2024-11-09T07:40:32,7521,2024-10-27T14:08:00,2024-11-09T07:38:00,2024-10-27T14:06:00,2024-11-09T07:40:32,856138,0,0,-95,856151,0,0,-100,SO-692,0,0,1,16396,0,0,-90
SWFSC-CalCurCEAS_023,CalCurCEAS_2024,CalCurCEAS_023,CalCurCEAS,Drifter,SoundTrap 640,California Current Cetacean Ecosystem Assessment Survey (CalCurCEAS),The purpose of the 2024 California Current Cetacean and Ecosystem Assessment Survey (CalCurCEAS) was to collect visual line-transect data for estimating the density of all cetacean species along the United States West Coast. Passive acoustic drifitng buoys were deployed throughout the survey area and continuously recorded the ocean soundscape up to 384 kHz. These buoys are are free floating instruments with two hydrophones in a vertical array and a digital recorder.,Morro Bay,10/28/2026,UTC,D:/CalCurCEAS PACE/metadata/CalCurCEAS_023,D:/CalCurCEAS PACE/audio/CalCurCEAS_023,Cory Hom-Weaver;Kourtney Burger,NOAA SWFSC,NOAA SWFSC;Bureau of Ocean Energy Management (BOEM),Kourtney Burger,C:/Users/kourtney.burger/Documents/GitHub/NCEI-PACE-Data-Archive/R/Spreadsheets & Templates/CalFile,"This dataset is composed of multichannel recorders with different types of hydrophones, each with its own unique sensitivity and frequency range. For the detailed calibration information refer to the CalCurCEAS_CalibrationInfo.csv spreadsheet.",Mobile Marine,North Pacific Ocean,R/V Bold Horizon,Location derived from GPS device affixed to top of drifting buoy,E:/CalCurCEAS PACE/metadata/gps/CalCurCEAS_023,Kourtney Burger,These data are being used for beaked whale and sperm whale analysis. Data quality was only assessed for mid to high frequency noise.,Analyst scanned for mid to high frequency noise using a 384kHz long term spectral average (LTSA).,20,192000,Good,2024-10-28T00:00:00,2024-11-11T06:27:54,,1,2024-10-28T00:00:00,2024-11-11T06:27:54,384000,16,2024-10-28T00:00:00,2024-11-11T06:27:54,6,6,2024-10-28T00:00:00,2024-11-11T06:27:54,7518,2024-10-28T00:00:00,2024-11-11T06:24:00,2024-10-28T00:00:00,2024-11-11T06:27:54,856156,0,0,-95,856167,0,0,-100,SO-777,0,0,1,16536,0,0,-90
SWFSC-CalCurCEAS_024,CalCurCEAS_2024,CalCurCEAS_024,CalCurCEAS,Drifter,SoundTrap 640,California Current Cetacean Ecosystem Assessment Survey (CalCurCEAS),The purpose of the 2024 California Current Cetacean and Ecosystem Assessment Survey (CalCurCEAS) was to collect visual line-transect data for estimating the density of all cetacean species along the United States West Coast. Passive acoustic drifitng buoys were deployed throughout the survey area and continuously recorded the ocean soundscape up to 384 kHz. These buoys are are free floating instruments with two hydrophones in a vertical array and a digital recorder.,Channel Islands,11/10/2026,UTC,D:/CalCurCEAS PACE/metadata/CalCurCEAS_024,D:/CalCurCEAS PACE/audio/CalCurCEAS_024,Cory Hom-Weaver;Kourtney Burger,NOAA SWFSC,NOAA SWFSC;Bureau of Ocean Energy Management (BOEM),Kourtney Burger,C:/Users/kourtney.burger/Documents/GitHub/NCEI-PACE-Data-Archive/R/Spreadsheets & Templates/CalFile,"This dataset is composed of multichannel recorders with different types of hydrophones, each with its own unique sensitivity and frequency range. For the detailed calibration information refer to the CalCurCEAS_CalibrationInfo.csv spreadsheet.",Mobile Marine,North Pacific Ocean,R/V Bold Horizon,Location derived from GPS device affixed to top of drifting buoy,E:/CalCurCEAS PACE/metadata/gps/CalCurCEAS_024,Kourtney Burger,These data are being used for beaked whale and sperm whale analysis. Data quality was only assessed for mid to high frequency noise.,Analyst scanned for mid to high frequency noise using a 384kHz long term spectral average (LTSA).,0,192000,Good,2024-11-11T02:00:00,2024-11-24T15:16:00,,1,2024-11-11T02:00:00,2024-11-24T15:16:00,384000,16,2024-11-11T02:00:00,2024-11-24T15:16:00,6,6,2024-11-11T02:00:00,2024-11-24T15:16:00,8595,2024-11-11T01:55:00,2024-11-24T15:19:00,2024-11-11T02:00:00,2024-11-24T15:16:00,856141,0,0,-95,856144,0,0,-100,SO-588,0,0,1,16636,0,0,-90
SWFSC-CalCurCEAS_025,CalCurCEAS_2024,CalCurCEAS_025,CalCurCEAS,Drifter,SoundTrap 640,California Current Cetacean Ecosystem Assessment Survey (CalCurCEAS),The purpose of the 2024 California Current Cetacean and Ecosystem Assessment Survey (CalCurCEAS) was to collect visual line-transect data for estimating the density of all cetacean species along the United States West Coast. Passive acoustic drifitng buoys were deployed throughout the survey area and continuously recorded the ocean soundscape up to 384 kHz. These buoys are are free floating instruments with two hydrophones in a vertical array and a digital recorder.,San Diego,11/20/2026,UTC,D:/CalCurCEAS PACE/metadata/CalCurCEAS_025,D:/CalCurCEAS PACE/audio/CalCurCEAS_025,Cory Hom-Weaver;Jeff Moore,NOAA SWFSC,NOAA SWFSC;Bureau of Ocean Energy Management (BOEM),Kourtney Burger,C:/Users/kourtney.burger/Documents/GitHub/NCEI-PACE-Data-Archive/R/Spreadsheets & Templates/CalFile,"This dataset is composed of multichannel recorders with different types of hydrophones, each with its own unique sensitivity and frequency range. For the detailed calibration information refer to the CalCurCEAS_CalibrationInfo.csv spreadsheet.",Mobile Marine,North Pacific Ocean,R/V Bold Horizon,Location derived from GPS device affixed to top of drifting buoy,E:/CalCurCEAS PACE/metadata/gps/CalCurCEAS_025,Kourtney Burger,These data are being used for beaked whale and sperm whale analysis. Data quality was only assessed for mid to high frequency noise.,Analyst scanned for mid to high frequency noise using a 384kHz long term spectral average (LTSA).,15,192000,Good,2024-11-20T16:42:01,2024-12-03T17:15:22,,1,2024-11-20T16:42:01,2024-12-03T17:15:22,384000,16,2024-11-20T16:42:01,2024-12-03T17:15:22,6,6,2024-11-20T16:42:01,2024-12-03T17:15:22,7517,2024-11-20T16:41:00,2024-12-03T17:17:00,2024-11-20T16:42:01,2024-12-03T17:15:22,856163,0,0,-95,856171,0,0,-100,SO-602,0,0,1,16597,0,0,-90
SWFSC-CalCurCEAS_026,CalCurCEAS_2024,CalCurCEAS_026,CalCurCEAS,Drifter,SoundTrap 640,California Current Cetacean Ecosystem Assessment Survey (CalCurCEAS),The purpose of the 2024 California Current Cetacean and Ecosystem Assessment Survey (CalCurCEAS) was to collect visual line-transect data for estimating the density of all cetacean species along the United States West Coast. Passive acoustic drifitng buoys were deployed throughout the survey area and continuously recorded the ocean soundscape up to 384 kHz. These buoys are are free floating instruments with two hydrophones in a vertical array and a digital recorder.,San Diego,11/22/2026,UTC,D:/CalCurCEAS PACE/metadata/CalCurCEAS_026,D:/CalCurCEAS PACE/audio/CalCurCEAS_026,Cory Hom-Weaver;Jeff Moore,NOAA SWFSC,NOAA SWFSC;Bureau of Ocean Energy Management (BOEM),Kourtney Burger,C:/Users/kourtney.burger/Documents/GitHub/NCEI-PACE-Data-Archive/R/Spreadsheets & Templates/CalFile,"This dataset is composed of multichannel recorders with different types of hydrophones, each with its own unique sensitivity and frequency range. For the detailed calibration information refer to the CalCurCEAS_CalibrationInfo.csv spreadsheet.",Mobile Marine,North Pacific Ocean,R/V Bold Horizon,Location derived from GPS device affixed to top of drifting buoy,E:/CalCurCEAS PACE/metadata/gps/CalCurCEAS_026,Kourtney Burger,These data are being used for beaked whale and sperm whale analysis. Data quality was only assessed for mid to high frequency noise.,Analyst scanned for mid to high frequency noise using a 384kHz long term spectral average (LTSA).,0,192000,Good,2024-11-22T14:36:02,2024-12-02T23:09:46,,1,2024-11-22T14:36:02,2024-12-02T23:09:46,384000,16,2024-11-22T14:36:02,2024-12-02T23:09:46,6,6,2024-11-22T14:36:02,2024-12-02T23:09:46,7939,2024-11-22T14:34:00,2024-12-02T23:09:00,2024-11-22T14:36:02,2024-12-02T23:09:46,856138,0,0,-95,856151,0,0,-100,SO-692,0,0,1,16431,0,0,-90
SWFSC-CalCurCEAS_027,CalCurCEAS_2024,CalCurCEAS_027,CalCurCEAS,Drifter,SoundTrap 640,California Current Cetacean Ecosystem Assessment Survey (CalCurCEAS),The purpose of the 2024 California Current Cetacean and Ecosystem Assessment Survey (CalCurCEAS) was to collect visual line-transect data for estimating the density of all cetacean species along the United States West Coast. Passive acoustic drifitng buoys were deployed throughout the survey area and continuously recorded the ocean soundscape up to 384 kHz. These buoys are are free floating instruments with two hydrophones in a vertical array and a digital recorder.,San Diego,11/23/2026,UTC,D:/CalCurCEAS PACE/metadata/CalCurCEAS_027,D:/CalCurCEAS PACE/audio/CalCurCEAS_027,Cory Hom-Weaver;Jeff Moore,NOAA SWFSC,NOAA SWFSC;Bureau of Ocean Energy Management (BOEM),Kourtney Burger,C:/Users/kourtney.burger/Documents/GitHub/NCEI-PACE-Data-Archive/R/Spreadsheets & Templates/CalFile,"This dataset is composed of multichannel recorders with different types of hydrophones, each with its own unique sensitivity and frequency range. For the detailed calibration information refer to the CalCurCEAS_CalibrationInfo.csv spreadsheet.",Mobile Marine,North Pacific Ocean,R/V Bold Horizon,Location derived from GPS device affixed to top of drifting buoy,E:/CalCurCEAS PACE/metadata/gps/CalCurCEAS_027,Kourtney Burger,These data are being used for beaked whale and sperm whale analysis. Data quality was only assessed for mid to high frequency noise.,Analyst scanned for mid to high frequency noise using a 384kHz long term spectral average (LTSA).,100,192000,Good,2024-11-23T16:00:02,2024-12-03T06:17:03,,1,2024-11-23T16:00:02,2024-12-03T06:17:03,384000,16,2024-11-23T16:00:02,2024-12-03T06:17:03,6,6,2024-11-23T16:00:02,2024-12-03T06:17:03,7950,2024-11-23T15:59:00,2024-12-03T06:25:00,2024-11-23T16:00:02,2024-12-03T06:17:03,856139,0,0,-95,856148,0,0,-100,SO-359,0,0,1,16396,0,0,-90
